source_drawing_code,internal_factory_part_number,source_product_identifier,resolved_product_id,template_type,status,confidence,notes
PD014736,1LAX0091C2U004MAAP,840-00083,,erro_01,READY,HIGH,
PD014736,1LAX0091C2U004MAAQ,840-00083,,erro_01,READY,HIGH,
PD014736,1LAX0091C2U004MAAR,840-00083,,erro_01,READY,HIGH,Trang thai: phe bo tren drawing
PD014736,1LAX0091C2U004MAAS,840-00083,,erro_01,READY,HIGH,
PD014736,1LAX0091C2U005MAA,840-00083,,erro_01,READY,HIGH,
PD014736,1LAX0091C2U005MAAP,840-00083,,erro_01,READY,HIGH,
PD014736,1LAE0091C2U003MAA,840-00091,,erro_01,READY,HIGH,
PD014736,1LAE0091C2U003MAAB,840-00091,,erro_01,READY,HIGH,Trang thai: phe bo tren drawing
PD014736,1LAE0091C2U003MAAP,840-00091,,erro_01,READY,HIGH,Trang thai: phe bo tren drawing
PD014736,1LAE0091C2U003MAAS,840-00091,,erro_01,READY,HIGH,
PD014736,1LAE0091C2U004MAA,840-00091,,erro_01,READY,HIGH,
PD014736,1LAE0091C2U012MAAR,840-00091,,erro_01,READY,HIGH,
PD014736,1LAE0091C2U005MAA,840-00092,,erro_01,READY,HIGH,
PD014736,1LAE0091C2U005MAAP,840-00092,,erro_01,READY,HIGH,
PD014736,1LAE0091C2U005MAAS,840-00092,,erro_01,READY,HIGH,
PD014736,1LAE0091C2U011MAAR,840-00092,,erro_01,READY,HIGH,
PD014736,1CAD2076D2BK02A11W,YW1R-06J80-8M9,,erro_01,MISSING_PRODUCT,LOW,Product chua tao trong catalog
PD014736,1CAD3212C2XX02A11,B377.00690.005,,erro_01,MISSING_PRODUCT,LOW,Product chua tao trong catalog
PD014736,1CAD3227C2XX02A11,B377.00691.005,,erro_01,MISSING_PRODUCT,LOW,Product chua tao trong catalog
PD014736,1CAU0010D2BK10M22,310-50027-01,,erro_01,MISSING_PRODUCT,LOW,Product chua tao trong catalog
PD014736,1CAU0010D2XX01M22,310-50024-01,,erro_01,MISSING_PRODUCT,LOW,Product chua tao trong catalog
PD014736,1CAU0010D2XX01M22P,310-50024-01,,erro_01,MISSING_PRODUCT,LOW,Product chua tao trong catalog
PD014736,1CAU10D2XX01M22A,310-50024-01,,erro_01,MISSING_PRODUCT,LOW,Product chua tao trong catalog
PD014736,1LA63020D2U001A11C,312-10146-01,,erro_01,MISSING_PRODUCT,LOW,Product chua tao trong catalog
PD014736,1LA63020D2U001A11P,312-10146-01,,erro_01,MISSING_PRODUCT,LOW,Product chua tao trong catalog
PD014736,1LA63020D2U002A11,312-10146-01,,erro_01,MISSING_PRODUCT,LOW,Product chua tao trong catalog
PD014736,1LA63020D2U002A11C,312-10146-01,,erro_01,MISSING_PRODUCT,LOW,Product chua tao trong catalog
PD014736,1LAE0091C2U012MAA,2M21-00508-0005H,,erro_01,MISSING_PRODUCT,LOW,Product 2M21-00508-0005H chua tao trong catalog
PD027504,1LA90003F2U001MAA,G112C1B,,erro_02,READY,HIGH,
PD027504,1LAE0009D2U002MAA,G112C1B,,erro_02,READY,HIGH,
PD027504,1LAE0003F2U001MAA,G012C1B,,erro_02,READY,HIGH,
PD027504,1LAE0009D2U001MAA,G012C1B,,erro_02,READY,HIGH,
PD027504,1LAE0009D2U004MAAP,G012C1B,,erro_02,READY,HIGH,Trang thai: phe bo tren drawing
PD027504,1LAE0009D2U004MAAQ,G012C1B,,erro_02,READY,HIGH,
PD027504,1LAE0009D2U004MAAR,G012C1B,,erro_02,READY,HIGH,
PD027504,1LAE0009D2U004MAAS,G012C1B,,erro_02,READY,HIGH,Trang thai: phe bo tren drawing
PD027504,1LAE0009D2U004MAAV,G012C1B,,erro_02,READY,HIGH,Trang thai: phe bo tren drawing
PD027504,1LAE0091C2U008MAA,2M21-00508-0001H,,erro_02,MISSING_PRODUCT,LOW,Product 2M21-00508-0001H chua tao trong catalog
PD027504,1LAE0091C2U008MAAP,2M21-00508-0001H,,erro_02,MISSING_PRODUCT,LOW,Product 2M21-00508-0001H chua tao trong catalog
PD024364,1LAE0091C2U006NME,2M21-00508-0004H,,erro_03,READY,HIGH,
PD024364,1LAE0091C2U006NMEB,2M21-00508-0004H,,erro_03,READY,HIGH,
PD024364,1LAE0091C2U006NMEP,2M21-00508-0004H,,erro_03,READY,HIGH,
PD024364,1LAE0091C2U009NMEA,2M21-00508-0004H,,erro_03,READY,HIGH,
PD024364,1LAE0091C2U011NMER,2M21-00508-0004H,,erro_03,READY,HIGH,
PD024364,1LAE0091C2U011NMES,2M21-00508-0004H,,erro_03,READY,HIGH,
PD024364,1LA90091C2U003NMES,2M21-00508-0003H,,erro_03,MISSING_PRODUCT,LOW,Product 2M21-00508-0003H chua tao trong catalog
PD024364,1LAX0091C2U006MAA,2M21-00508-0003H,,erro_03,MISSING_PRODUCT,LOW,Product 2M21-00508-0003H chua tao trong catalog
PD024364,1LAX0091C2U006MAAP,2M21-00508-0003H,,erro_03,MISSING_PRODUCT,LOW,Product 2M21-00508-0003H chua tao trong catalog
PD024364,1LAE0091C2U011MAA,2M21-00508-0001H,,erro_03,MISSING_PRODUCT,LOW,Product 2M21-00508-0001H chua tao trong catalog
PD024364,1LAE0091C2U012MAA,2M21-00508-0005H,,erro_03,MISSING_PRODUCT,LOW,Product 2M21-00508-0005H chua tao trong catalog
PD024364,1LAE0091C2U007NME,LLERJ014-NC-R,,erro_03,MISSING_PRODUCT,LOW,"Mã vật tư Luxshare Part No, không phai SKU doc lap"
PD024364,1CAC2412C2BK06NME,LA4NB002-CS-R,,erro_03,MISSING_PRODUCT,LOW,Product chua tao trong catalog
PD024364,1CAC3415D2BK02NME,LA4HD004-CS-R,,erro_03,MISSING_PRODUCT,LOW,Product chua tao trong catalog
PD024364,1CAC3415D2WH02NME,LA4HD006-CS-R,,erro_03,MISSING_PRODUCT,LOW,Product chua tao trong catalog
PD024364,1CNXXXXXXBXXX6NT4,050-0002Z0-323R,,erro_03,MISSING_PRODUCT,LOW,Linh kien dau cam
PD027032,1LAE0091C2U001MAA,G011C1B,,erro_04,READY,HIGH,
PD027032,1LAX0015C2U001MAA,G111A1A,,erro_04,READY,HIGH,
PD027032,1LAX0015C2U001MAAR,G111A1A,,erro_04,READY,HIGH,Trang thai: phe bo tren drawing
PD027032,1LAX0015C2U002MAA,G111A1B,,erro_04,READY,HIGH,
PD027032,1LAX0015C2U002MAAR,G111A1B,,erro_04,READY,HIGH,Trang thai: phe bo tren drawing
PD027032,1LAX0015C2U003MAA,G111A1C,,erro_04,READY,HIGH,
PD027032,1LAX0015C2U003MAAR,G111A1C,,erro_04,READY,HIGH,Trang thai: phe bo tren drawing
PD027032,1LAX0030C2U001MAA,G111B1A,,erro_04,READY,HIGH,
PD027032,1LAX0030C2U001MAAR,G111B1A,,erro_04,READY,HIGH,Trang thai: phe bo tren drawing
PD027032,1LAX0030C2U002MAA,G111B1B,,erro_04,READY,HIGH,
PD027032,1LAX0030C2U002MAAR,G111B1B,,erro_04,READY,HIGH,Trang thai: phe bo tren drawing
PD027032,1LAX0030C2U003MAA,G111B1C,,erro_04,READY,HIGH,
PD027032,1LAX0030C2U003MAAR,G111B1C,,erro_04,READY,HIGH,Trang thai: phe bo tren drawing
PD027032,1LAX0091C2U001MAA,G111C1A,,erro_04,READY,HIGH,
PD027032,1LAX0091C2U001MAAR,G111C1A,,erro_04,READY,HIGH,Trang thai: phe bo tren drawing
PD027032,1LAX0091C2U002MAA,G111C1B,,erro_04,READY,HIGH,Trang thai: phe bo tren drawing
PD027032,1LAX0091C2U002MAAQ,G111C1B,,erro_04,READY,HIGH,
PD027032,1LAX0091C2U002MAAR,G111C1B,,erro_04,READY,HIGH,Trang thai: phe bo tren drawing
PD027032,1LAX0091C2U003MAA,G111C1C,,erro_04,READY,HIGH,
PD027032,1LAX0091C2U003MAAR,G111C1C,,erro_04,READY,HIGH,Trang thai: phe bo tren drawing
PD027032,1LAX0005F2U001MAA,G111D1A,,erro_04,READY,HIGH,
PD027032,1LAX0005F2U001MAAR,G111D1A,,erro_04,READY,HIGH,Trang thai: phe bo tren drawing
PD027032,1LAX0005F2U002MAA,G111D1B,,erro_04,READY,HIGH,
PD027032,1LAX0005F2U002MAAQ,G111D1B,,erro_04,READY,HIGH,
PD027032,1LAX0005F2U002MAAR,G111D1B,,erro_04,READY,HIGH,Trang thai: phe bo tren drawing
PD027032,1LAX0005F2U003MAA,G111D1C,,erro_04,READY,HIGH,
PD027032,1LAX0005F2U003MAAR,G111D1C,,erro_04,READY,HIGH,Trang thai: phe bo tren drawing
PD027032,1LAX0010F2U001MAA,G111F1A,,erro_04,READY,HIGH,
PD027032,1LAX0010F2U001MAAR,G111F1A,,erro_04,READY,HIGH,Trang thai: phe bo tren drawing
PD027032,1LAX0010F2U002MAA,G111F1B,,erro_04,READY,HIGH,
PD027032,1LAX0010F2U002MAAQ,G111F1B,,erro_04,READY,HIGH,
PD027032,1LAX0010F2U002MAAR,G111F1B,,erro_04,READY,HIGH,Trang thai: phe bo tren drawing
PD027032,1LAX0010F2U003MAA,G111F1C,,erro_04,READY,HIGH,
PD027032,1LAX0010F2U003MAAR,G111F1C,,erro_04,READY,HIGH,Trang thai: phe bo tren drawing
PD027032,1LA92815C2U001MAA,NYS6248,,erro_04,MISSING_PRODUCT,LOW,Dong thieu UPC/SKU tren drawing Table 1 (CONEXT.md doc)
PD027032,1LA92815C2U001MAAP,NYS6248,,erro_04,MISSING_PRODUCT,LOW,Dong thieu UPC/SKU tren drawing Table 1 (CONEXT.md doc)
PD016906,1CAU0010D2XX02NN9,1401-03GN0W9,,erro_05,READY,HIGH,
PD016906,1HWN2402M2WH02M22,1401-02HF0W9,,erro_05,READY,HIGH,Trang thai: phe bo tren drawing
PD016906,1HWU3006C1XX02NN9,1414-0GD90BV,,erro_05,READY,HIGH,
PD016906,1HWU3023C1XX02NN9,1414-0GDA0BV,,erro_05,READY,HIGH,
PD016906,1MA00PCBAXX045NN9,0A02-02WF0BV,,erro_05,READY,HIGH,
